Tweet,label
doa rezeki tak putus inna haa zaa larizquna maa lahu min na fadesungguhnya ini ialah pemberian kami kepada kamu p,0
makasih loh ntar kita bagi hasil aku 99 9 sisanya buat kamu,0
ya aku akan menjadi satu satunya bukan nomor satu tetapi satu satunya,0
i dont know why but these zikir sangat membantu aku pon dapat hasil dari orang retweetambil usaha sambil doa insha alla,0
aah kamu aja mas aku lebih suka diayomi,0
mau bantu aku nabung,0
tak peduli seperti apa hidupmu kamu selalu punya pilihan untuk melihat dari sisi baiknya atau sisi buruknya,0
aku dah tahu macam mana nak bagi pengantin gelak natural hahahahahahahahahahaha,0
cara nak mintak maaf ada 3 1 aku minta maaf 2 aku mengaku salah aku 3 apa yang boleh aku buat untuk betulkan ba,0
yuk netweetjen dibantu,0
ya allah ya tuhanku kau lindungilah kedua ibu bapaku disaat aku berjauhan dengan mereka,0
giveaway karena hari ini umur aku bertambah jadi aku ingin berbagi rules aja dan ucapkan saya wish dan screenshoo,0
ya allah ya tuhanku kau lindungilah kedua ibu bapaku disaat aku berjauhan dengan mereka,0
selamat hari jumat buat kamu yg selalu bikin rindu ini kumat,0
diremes di enyot ngedusel dusel di nenen kamu wah mantap,0
hi rakyat2 ku karena akhirnyauga postelca aku mau give away album love yourself answerealed versionnya pilihendiri e,0
pilih salah satu yang paling kamu nyaman,0
aku sendiri jugaaa yuk barengan,0
mini giveaway berhubung aku ultah aku mau bagi rezeki pulsa 10k like aja mau mutualan boleh bgt doain aku yaa diundi j,0
mantan kamu yang brengsek itu jangan dilupain justru dijadikan pengingat bahwa kamu pernah salah pilih dan dibego bego,0
aryana tolong bukak mata besar besar pilihlah syafiq biarlah sofea bahagia bersama adrian pls laaaaaaaa murungnya aku kal,0
buatlah cita cita kamu setinggi bintang di langit tetapi jangan lupa untuk membuat anak tangga perencanaannya cendekiabijak,0
cantik boleh la confess kat crush peluang kena reject tu senipis sel epidermis bawang je tang aku ni kalau confess hmm,0
cnta kmu ke aku tuh kyk fto albm tau g dbalk2 ttp aj g brbh sma ky km yg g prnh brbh untk mnjdi yg trbaik untk aku,0
ini yang buat aku semakin yakin indonesia akan damai jika di pimpin beliau,0
aku nk walk in ajelah senang,0
jadilah seperti aku,0
sentiasa ingatkan diri jangan selalu tunjukkan kegembiraan depan orang yang sedang kecewa moga aku sentiasa ingat,0
temen temen yg ada di jatinangor dan sekitarnya bisa tolong dibeli ya jualan bapak ini beliau jual kain lap keset dsb,0
hahaa aku juga ga ngerti tadi tp asal jwb aja,0
kelak jika aku menjadi orangtua yang akan kulakukan adalah meyakinkan anakku nak percaya sama ayah tidur siang itu men,0
aku terhibur hahahahahahahahahahahaha,0
okay but the bahasa melayu names for our malaysian birds selalu buat aku mudah terhibur contohnya burung berek ber,0
iya lucu emang dia aku temenan di ig,0
lhaa kaann ancene aku arek e kurang pinter wayah e aku koncoan terus yaa ambk arek e sopo ngerti kecipratan rejeki,0
give away time untuk merayakan ulang tahun namjoon dan ulang tahun aku aku adain give away photocard dan juga album lov,0
kak mau jugaa,0
kamu adalah yang ia inginkan untuk menjadi tempat persinggahan terakhirebesar itu harapannya kepadamu jangan mengecew,0
aku dulu lahir di jogja jogja dijuluki kota berhati nyaman pantes aja aku langsung pake hati kalo udah nyaman dikit,0
guys aku jumpa ayat yang berguna untuk digunakan time korang tengah putus asa sabar terbahagi kepada dua iaitu sabar,0
kepada fresh grad yg tgh cari kerja boleh try amalkan zikir dan semua doa ni alhamdulillah lepas amalkan ni aku pon dpt,0
kalau akhlak mereka lebih baik kenapa engga kalau mereka lebih bisa menghargai melindun,0
buat dong aku kan juga istrinya daniel,0
hihihihi look at the face lepaskan aku taknak kau bau ikan bagi aku mandikan dulu namau nameow catsoftwit,0
guys today aku nak rekomen kat korang movie2 yg best some of you maybe blm pernah tengok movie tu lagi aku tak berapa pa,0
tolong la harini je dah banyak sangat ketawa krem perut aku yall,0
gt tuhan yesus berkata 'aku dapat menggantikan rasa frustasi di hatimu dengan damai sejahtera mbml,0
aku doakan lelaki yang tengah kerja cari duit untuk pasangan masing masing diberikan kesihatan dan dimurahkan rezekiemo,0
temen temen yg ada di jatinangor dan sekitarnya bisa tolong dibeli ya jualan bapak ini beliau jual kain lap keset dsb,0
bersyukurlah hingga kamu lupa rasanya kekurangan tulisanirin jumatberkah,0
segitu kangennya ya mba sama aku,0
hidup ini adalah pilihan yang harus kamu pilih,0
if si keli tu boleh jadi femes apantah lagi aku kan kahkahkah,0
sayang lagi sakit jadi aku harus sentiasa ada buat sayangku,0
i liked a video aku tanya pak jokowi pakai bahasa jawa,0
okaay nggapapaa aku minta doyoung ajaa makasih yaa,0
aku terima nikahnya dengan mas kahwin bacaanurah al fatihah dear future wife nanti kita kahwin saya sedekahkan al fat,0
le makan samyang yuk aku udh lama ga makan samyang udh lama juga ga disayang,0
pegi kedai bawak lah adik aku teman pastu uncle tu tanya ni anak you ke muka sama hahaha muka aku macam orang dah kawin ke doh,0
aku suka mie sedap kalau di tumis ulang pake bawang merah bawang putih telor daun bawang irisan ca,0
jika aku jadi ratumu maka pasti kau rajanya ya kan,0
aku penggemar mie burung dara enaknya nyambung terus,0
ni kalau suami aku panggil sayang macam ni we're gonna make babies right after,0
be strong bro,0
di antara buku buku kesukaan yang kaubaca sampai malam kian jauh dan sendiri aku ingin jadi buku yang menelungkup di d,0
cerita hari ini aku baru beli 2 hamster biar ngga kesepian aja sih di rumah aku pandaaaang terus mereka berdu,0
tak perlu takut untuk meninggalkan sesuatu yg tidak menghormatimu masih banyak kesempatan untukmu menjadi lebih terhormat jika kamu berani,0
let me make this clear paan dlm hidup ni kan kalau kita xrasa gagal kita xkan ada motivasi n,0
ya allah aku berlindung kepada mu dari siksa kubur dari siksa neraka jahannam dari fitnah hidup dan mati dan dari f,0
kuis lagi kuis lagi emang daihatsu baik banget yaahabat bagi bagi hadiah pulsa terus kuis kali ini kamu harus menebak,0
stay beside you was my job hehee sayang kamu,0
hahahahaha terhibur betul lah lol semua tempat dia tiful kan ingat ke aku sorang je perasan typo dekat caption tu,0
fams sama aku yuk,0
aku cuba nak amalkan sikap pergi mampus tapi sayang aku gagal sebab aku jenis mudah kesian dan mudah memaafkan,0
wkwkwk gt lt berdoa aja kamu lip yg banyak semoga ganteng wowognya,0
udah tau ikon dari jaman win yang aku suka pertama itu taehyun terus suka yunhyeong aku dukung ti,0
gilaaa beliin aku dong kak,0
kalau kamu mau dihormati harus mau menghormati,0
tolong lah setiap hari tu sebelum tidur tanya diri sendiri dan self reflect perangai babi sampah apa ye aku buat harini,0
bibi adikku si cantik suka banget liatnya kalau kamu lagi seneng enggak tau kenapa jadi ikutan seneng bi pos,0
aku ikut habib lutfi aja rois aam jam'iyyah ahlith thariqah al mu'tabarah an nahdliyyah yg meminta menurunkan bendera yg k,0
omg kamu harus melihat ini bigolive,0
jadi dirimu sendiri agar ketika seseorang mencintai kamu tak perlu takut jika dia akan temukan dirimu bukan orang,0
saat ditanya aku hanya diam dan mengangguk kutahu bahwa dia orang yang baik,0
aku pake himalaya neem mask juga gini kok bagus emg matull banget,0
selalu buat macam ni setiap kali nampak peti ais kat dapur haha,0
idola aku banget itu mba,0
sesungguhnya penguasaan diri adalah penanda dari kedewasaan seseorangelamat buat kamu yang memang benar benar sudah b,0
hahahaha pastu buat2 terkejut eh dah sampai aku tumbokk muka kau kang,0
karena presentasi hari ini lancar aku mau bikin ga album only wanna ver one ver aja no need to follow tapi,0
shopee kamu apaa mau dong,0
laksanakan segala apa yang diwajibkan allah niscaya kamu menjadi orang yang paling bertakwa hr ath thabrani,0
aku cinta segala promo grabfood karena bisa makan burger mcd seharga ayam geprek,0
aku mungkin luaran nampak happy go lucky sentiasa tersenyum dgn orang sekeliling friendly gelak ketawa sampai berdekah a,0
aku cinta w1,0
done watching dilan 1990 2018 dari start movie sampai habis aku senyum sorang nasib baik tengok sengsorang kalau ram,0
aku mau,0
doa untuk ibu dan bapa ya allah ampunila,0
tampil sndiri atasi diri hadapi audiens lakuin perlihatkan ssuatu 'skill mu sampai tuntas buat smua kagum p,0
ciri lelaki idaman aku um kena sama macam ayah aku,0
sikaaat ajaaaa sissst sikat bajunya celananya biar bersih wkwk canda ding kalo bisa ga usah sikat sii,0
shuhuaama sih tapi aku suka banget sama makanan jepang,0
aku pun nak cari rezeki halal bisnes online dgn cara betul takkan aku nak menipu orang pulak kan,0
cepet sembuh sayaang semoga kamu selalu diberikan kekuatan dan allah angkat sakit kamu segera yaaemangat a,0
selamat bertambah umur kamuu semoga kamu sehat selalu dan dipanjangkan umurmuemoga kamu selalu di,0
wei aku kt kedai mamak ni tiba2 keluar nudes kt tl aduh hahahaha,0
walaupun maut memisahkan kita aku akan selalu mencintaimu menyayangimu setulus hatiku fellychibi,0
hari ini aku akan berusaha untuk bersinar dengan awan berjalan beriringan dan tetap memuja kebebasan hanyutku,0
rindu kau tapi takpa la aku doa dari jauh jeemoga tuhan beri perlindungan pada kau,0
mantap nih kata kata pak jokowi aku dan para avengers lain siap untuk mencegah thanos menghapus setengah dari populasi j,0
anak jiran aku umur 3 tahun bagitau 'bf ko gay kak sbb tu dia dah taknak pegang tetek ko laangsung' hahahahahaah,0
muhammad q muhammad q dengarkanlah seruanku aku rindu ak rindu padamu muhammad q,0
jangan lupa sholat jumat ya sayang aku jelek ya sayang ' bukan biar ganteng ih itu kan wajib oh kirain makasi,0
seseorang yang bisa membuat aku sering merasa khawatir berarti dialah orang yang sangat aku sayang,0
hihihihi look at the face lepaskan aku taknak kau bau ikan bagi aku mandikan dulu namau nameow catsoftwit,0
ini yg namanya indonesia ini yg namanya toleransi ini yg namanya bhineka tunggal ika peti jenasah pendeta oma palese man,0
aku mauuuu,0
omg kamu harus melihat ini bigolive gt pada kemana aja,0
ngikik baca ginian siang hari,0
wahai manusia yang aku suka terima kasih sebab support aku serta ada ketika aku gembira dan duka kau memang anugerah,0
lipstik yg creamy kaya purbasari gt bibir aku kering kalo pake itu enak ga keliatan kering,0
gemes kan aku oenyoe getoh cmiew jfclosedday,0
gua dinyanyiin raisa lagunya mantan terindah ya allah aku terharu,0
kenangan yg paling indah itu ialah ketika pertama kali kau cumbui aku sayang,0
teruntuk kak rehan kamu yg sabar ya,0
terus dia sharing2 gitu deh sama ngasih motivasi gua sama ngasih petuah2 kalo kamu pgn kaya amp nikah di umur sebelum 30th,0
belum start kuliah aku dah ponteng haih apa nak jadi hahaha,0
iya tp ada lagi tempat paling indah aku mau tunjukkin ke km dgn semangataya bawa dia ke tempat titik favorit saya,0
kalau aku berjuang trus sampai akhir aku pasti akan menemukan jalannya matsukaze tenma,0
hsjsjs aku juga apalagi kalo diliat dancenya,0
selamat berehat mr acappan antara pelawak aku suka amp evergreen selainathiya,0
senang senang je aku diperbodohkan duluob sob,0
ngantuk aku tidur dulu jangan khawatir besok aku masih mencintaimu seperti biasanya besok aku masih ngirim pesan seperti,0
mauu dm aku,0
karena aku percaya allah sdh mentakd,0
iya bener hahaha aku uda folback wlpun jarang pake ig hahaha fbmu apa,0
jeffan jangan manis manis banget donk nanti aku diabetes,0
aku cinta diriku sendiri,0
gigih nau,0
thanks wey sebab kau berani lagi tegur aku walaupun aku dah tak suke,0
aku berada ditempat dimana aku bisa menjadi seseorang yg berjalan diatas kakinya sendiri aku berada ditempat dimana aku bi,0
aku suka perempuan yang susah nak dapat tapi tulah susah betul nak dapat,0
aku suka jinkook,0
aku tahu kau boleh sabar k,0
aku sumpah cheese ni penyelesaian segala masalah kat malaysia nak kedai makan laris jual makanan dengan cheese nak b,0
jika aku bisa memutar kembali waktu aku tidak akan memutarnya karena aku tau kamu sdh bahagia dan beginilah seharusnya,0
berarti aku sepecial,0
aku nak pesan satu benda penting ni hargai orang yang masih ada kat dunia ni especially ur mom dad grandma pa siblin,0
aku xpernah tengok mak bahagia sebahagia dye hidup dengan pakcik mak yg dulunya sedih susah dah mule ade sinar bah,0
gua dinyanyiin raisa lagunya mantan terindah ya allah aku terharu,0
kok aku minat yg 20 ya pen nonton magic kaito berapaan,0
tiap salam buat suami aku exo di korea paaak,0
sesungguhnya penguasaan diri adalah penanda dari kedewasaan seseorangelamat buat kamu yang memang benar benar sudah b,0
temen doakan aku ya biar bisa dilancarkan buat ngerjain skripsi terutama bulan ini,0
kalau kamu mau dihormati harus mau menghormati,0
ambik aku pls hahahahaha,0
aku di bilang akun bisyar receh katanya iya gpp kok klo yg berasa highclass seh beda ya di senyumin aja,0
ya tuhanku jadikanlah negeri ini mekah negeri yang aman dan jauhkanlah aku beserta anak cucuku daripada menyem,0
siang happy friday sholat jum'at nya jangan lupa ya aku habis ada kegiatan terus nanti ada latihan bareng team j s,0
aku syg kamu martinricaardo dan kamu donimodali1olehyakub,0
uhan dalam tidurku malam ini aku mohon engkau siapkan rezeki surprise yang bagus untukku esok hari aamiin,0
adek tingkatmu kocak ae rek ngekek aku,0
aku jokowilagi,0
if si keli tu boleh jadi femes apantah lagi aku kan kahkahkah,0
aku nk bantu dia slagi aku mampu,0
kamu belum tentu lebih baik darinya dia belum tentu lebih baik darimu di balik fakta siapa lebih kaya secara materi le,0
siang boss qu jgn lupa makan siang dan selalu pentingin kesehatan kamu yaemangat untuk perfom nya nanti ya,0
anak jiran aku umur 3 tahun bagitau 'bf ko gay kak sbb tu dia dah taknak pegang tetek ko laangsung' hahahahahaahahaha,0
boleh tak aku nak cakap yang aku dah minat drama korea hahahha sial lah hahahaha,0
sesungguhnya aku hanya tinggal bersabar dan mematuhi nasihat baik kebaikan yang kulakukan adalah untukku,0
gag aku mah baik,0
bwahahah aku sih pasti beli dua cuma ya mengingat harus beli albumnya beli phy juga qu bisa apa qaqa,0
luvluv teman aku yg kordes,0
aku cuba nak amalkan sikap pergi mampus tapi sayang aku gagal sebab aku jenis mudah kesian dan mudah memaafkan,0
acara keren enterpreneurchool 2018 yg diadain sama ini wajib kamu datengin deh intelektual muda apalagi,0
andai pun kita menyerah dan berkata sudah kau dan aku adalah kita yang terindah,0
jangan bersedih brader,0
pintar itu harus beradab klo hanya pintar aja iblis juga pintar apakah anda juga iblis aku lebih,0
jangan percaya dengan apa yang sedang kamu baca termasuk tweet ini ingin ngakak sendiri saat nulis ini,0
awalnya mereka mentertawai apa yg kamu ciptakan lalu mereka mengikuti apa yg kamu ciptakan selanjutnya mereka bangga dg,0
anak jiran aku umur 3 tahun bagitau 'bf ko gay kak sbb tu dia dah taknak pegang tetek ko laangsung' hahahahahaahahaha,0
yang tau aku ya cuma aku sendiri sama tuhan jadi jangan pernah ngejudge seenaknya,0
aku yang baik,0
saya suka video aku tanya pak jokowi pakai bahasa jawa,0
al quran is the answer for everything that happens in this world termasuk alam semesta ini gimanaetiap permasala,0
aku teringat ke hehe,0
ya allah aku berlindung kepada mu dari siksa kubur dari siksa neraka jahannam dari fitnah hidup dan mati dan dari f,0
akan ada masa dimana kamu yg dulunya selalu ngasih kabar ke orang tua dengan ucapan sprti ini ma pak uang anakmu habis,0
suami pun dah macamherlock nak kena berfikir bagai utk dapat jawapan power haha,0
tuhan bijakkanlah aku dalam mengkhawatirkan masa depanku agar aku tak melumpuhkan masa kini ku,0
aku tak power mana pun masak memasak nie tapi aku harap bila dah kawin nanti setiap hari aku dapat masakkan suami aku d,0
aku tak akan menarik kembali kata kataku karena itulah jalan ninjaku,0
jika kamu ingin melupakan rasa marah terhadap seseorang ingatlah kebaikannya,0
pertama kalinya ada yg ngadain ga sekaligus 2x baik bgt kakanya terhura aku,0
aku lebih mencintai orang yang menegurku daripada orang yang memujiku kerana orang yang menegurku sebenarnya menyelama,0
kalo dia anggap kamu sahabat mau semarah apapun dia gak akan bisa benci lama lama pasti balik lagi,0
bukan nak kata aku ni berani tapi kita tak boleh takut sangat dengan benda ni kita kena takut dengan allah je tapi ke,0
aku merasakan sebuah pencerahan hari ini,0
aku terhibur dendangan si ikan kaloi td talented huwaaaa,0
haha mau ketawa ngakak di depan muka kamu boleh gasih,0
aku mulai mendewasakan cinta membiarkan kata katamu amarahmu egoismu keras kepalamu lepas dari tubuhmuedangkan aku,0
malu ah keliatan menel aku wkwkwkwkwk,0
terserah sampeyan mau bilang apa tapi aku manut habib luthfi dan khryarif rahmat bahwa bendera yg dimaksud dngn liwa dan,0
iya kamu dari bali yaekalian mutualan yuk aku juga dari bali,0
iya iya aku jg brcanda yang td wkwk,0
ada aku,0
yg aku butuh interaksi dari 95l 99l yuk yg line segitu kuy mutualan nanti ku follow tapi auto followback ok rt aja,0
aku suka lovitta amp aliqa,0
ini yg namanya indonesia ini yg namanya toleransi ini yg namanya bhineka tunggal ika peti jenasah pendeta oma palese man,0
senangnya aku klo km ajak ke sana,0
ya allah ya tuhanku kau lindungilah kedua ibu bapaku disaat aku berjauhan dengan mereka,0
angeline miss katae mama aku cuma dapet dikit sincia'an kemaren me dapet berapa her 12 juta katae kembali menguc,0
mu gemes banget adminnya aku ga jadi marah,0
karna sekarang aku lagi ulang tahun dan besok hari enip nya ikon aku bakal adain ga pulsa 10k untuk 2 orang cukup aj,0
kalo aku yg menang jajanin ya wkwk,0
aku pernah gak buat gini tapi apesal tak baik baik jugak hahahahawau,0
seseorang yang berarti tak akan dengan mudah kamu miliki jika kamu sungguh mencintai jangan pernah berhenti berusaha untuk hati,0
kalau itu mah aku juga ngerti atuh,0
kehidupan adalah 10 yang terjadi pada dirimu dan 90 sisanya adalah bagaimana kamu menghadapinya,0
ho meta aku ws mg ahhahahah,0
kamu dulu hehe,0
aku tahu didepanku banyak halangan dan rintangan tapi aku tak akan berhenti dan menyerah,0
nasib baik akak aku normal,0
hahahaha kamu ya klo ada ice cream nyium aja deh besok aja ya imo jemput mau klo hari ini imo mau pacaran dulu,0
lah kan emang cantik dek masa iya ganteng kalo kamu ganteng trs gua apaan dek,0
wow aku salute org yg ada kesabaran yg tinggi niiiii huhuhu,0
kalo di surabaya liat cece cece ngomong kayak anak jaksel tapi logat e suroboyo gyettt be like lah ya ntik gua pick up,0
ehh nakk haha aku kdg ngam2 cantik kdg tu ter jauh plak smpai kene bukak seatbelt nak hulur keluar haha,0
jangan terburu buru mengartikan segala yang baru kamu lihat dari permukaan segala yang tampak belum tentu sesuai letak 9996,0
tls followan ama aku yukk rep rt kita temenan,0
tuhan memang mentakdirkan kita untuk saling berjauhan tetapi aku yakin tuhan memiliki rencana besar dibalik itu semua,0
dengan tata ruangan yang bikin kamu nyaman deh buat nongkrong,0
sentaknya terdiam akan bungkusan mie yang ia lihat guys lihat deh aku dapet apa kocak banget gak sih l,0
kamu tidak perlu menjadi bulan atau bintang untuk terlihat sempurna karena menjadi dirimu sendiri adalah sebuah kesempurnaan,0
hahahah agree nak mengadu itu ini panggil awak saya selalu whatsapp hmmm pastu kite marah kite,0
nampak sgt aku tkde life hahahaha,0
pak aku pengen nikah pak nduk nikah kue ibadah ojo kesusu ndak ra khusuk nduk paaak,0
guys aku jumpa ayat yang berguna untuk digunakan time korang tengah putus asa sabar terbahagi kepada dua iaitu sabar,0
ana uhibbuki fillah hatta fil jannah abadan abada aku mencintaimu hingga ke syurga selama lamanya kerana allah,0
mau daftar jadi driver ojol,0
doa rezeki tak putus inna haa zaa larizquna maa lahu min na fadesungguhnya ini ialah pemberian kami kepada kamu pember,0
aku doakan lelaki yang tengah kerja cari duit untuk pasangan masing masing diberikan kesihatan dan dimurahkan rezekiemo,0
happy videogameday untuk seluruh gamers dimanapun kamu beradaemoga engga cuman main gamers juga bisa berprestasi lewat g,0
setuju deh sama kamu,0
moga baik2 saja n dapat baby comel,0
yuk intip gaya busana julie laiskodat ini bisa jadi refrensi kamu ke kondangan lewat,0
aku mohon tepatilah janjimu penantiancintaeps19,0
aku akan bertahan selagi aku bisa namun disaat aku sudah tak bisa dan tak kuat bertahan maka aku akan pergi dan menjauh,0
wkwkwk ketawa aku kalo sedaerah sekalian meet up deh g,0
ocit kangen banget ini aku irene dapet acc dari temen dan mau balik rpw,0
hayuk mas aku mau,0
iya juga yaa ternyata aku sehebat itu,0
itu apalagi cuma tuduhan tak berdasar opo aku ra tambah ngguyu,0
gaisss gaiss aku mau ajak kalian bernostalgia nihh yukk simaxxxx,0
aku yg ngobatin kalo kamu sakit,0
kalaulah dengan senyuman boleh pulihkan hati aku yang sakit ni aku sanggup senyumetiap masa aku sanggup,0
tapi aku mencintaimu 30 emha ainun nadjib 14ep 2018 tetes tak mungkin kau temukan alama,0
iya tulus itu coba saja kamu fokus bersihin jerawat biar pede lagi,0
dan memang terbuktilah aku lagi tertarik dengan orang yg kelakar hahaahahahahaha,0
hanya karena kamu ditolak tidak berarti kau harus bersedih,0
aku ganteng weareskatepunkers,0
tidak ada yang sia sia jika kamu bisa mengambil hikmah dari setiap masalahemua hanya proses pembelajaran diri untuk men,0
semoga kamu tdk secepatnya berlalu,0
kamu mau kemana sih udah disini aja diluar dingin biar aku peluk ucap kasur kepadaku di setiap pagi hari,0
aku akan meyakinkan smw org bahwa mohini mencintai hartamu mohini penantiancintaeps19,0
mau dong aku lg butuh acc,0
aku tidak akan melepaskan tanganmu sebelum kau melepaskannya full house,0
aku suka orang cakap macam ni even tak rasa benda tu menyusahkan pon at least aku tahu dia appreciate pertolongan aku https,0
wkwkwkwkwkwwk tumben sekali kamu bepikir positip iiiaaaa,0
izinkan aku berbahagia karena aku serius bisa buat photocard sendiri lel,0
aku suka liat kakaknya jadi mas adimas lagi dong kalo sehun,0
di hari jum'at yang baik dan mustajab ini aku ingin berdo'a yaa allah berikan hamba keberanian untuk keluar dari,0
aku pengen ini ya allah,0
hahahahahahah selalu umpan aku dgn bakso cheese kan hahaha inshaallah nanti kalau jd buat aku gtau,0
wkwk harusnya aku tanya juga pertanyaan itu karena aku kepo and i knew her since long,0
rlt ini di mall aku nemu ginian ngakak bgt,0
rlt inilah alasan kenapa aku cinta twitter ' cr sharpanocopath,0
aku cuba utk tak awkward dgn kau aku berterima kasih sbb kau pun membantu,0
kebahagiaan tidak akan habis hanya karena membaginya ketahuilah kebahagiaan bertambah ketika kamu bersedia untuk berbag,0
dan hendaklah mereka memaafkan dan berlapang dada apakah kamu tidak suka bahwa allah mengampunimu dan allah ma,0
seorang ksatria patriot pasti mengayomi yg lemah buktinya kita semua tau siapa yg menulis buku aku bangga jadi anak pki o,0
aku suka tobeli,0
kamu suka kanuka dongg,0
terkadang untuk membuatmu menyadari siapa dirimu tuhan tak memberi orang yang kamu inginkan tapi orang yang kamu butuhkan,0
aku suka bila org yg aku syg selalu cari aku letakkan aku sbg priority diauka duka susah senang dia cari aku dia tak p,0
jika allah memberi kamu nikmat sepotong roti saja syukurilah itu kerana allah tidak membuat kamu meminta minta kepada ora,0
gak ada bosannya nunggu kamu balik lagi sama aku ',0
alhamdulillah baru sampe rumah nih hari yang panjang sekali jadi ngantuk banget sampe susah melek tetapi aku seneng,0
sarah gtayang hahahah tersasul panggil sayang hahahahah lawak abang ipar aku ni,0
jangan berpikir kamu tak mampu hidup tanpa dia yg telah meninggalkanmu percayalah ada seseorang yg lebih baik sedang menunggumu,0
maafin aku masih suka ngetawain ini,0
macam mana nak tidur kalau still fikirkan orang yang kita sayang okay ke tak tu tidurnya lena ke dia perlukan aku tak ka,0
teruntuk kak rehan kamu yg sabar ya,0
orangnya ganteng wangi murah senyum asik lemah lembut tapi ngetik aku masih aq bhay mz,0
aku balik ngefans lagi wkwkwk,0
bro followan yuk ama aku ava ku sungwoon auto follback ya hehe,0
aku ikutan,0
santai ae lak aku,0
mengenali diriku sendiri adalah kunci untuk mencapai kesempurnaan karena itu berarti aku mengetahui apa yang bisa dan tidak bisa kulakukan,0
lol,0
sedap juga makan bende rebus ikan dengan nasi putihh aku penuh kesabaran tgk mak abh makan sambal sotong,0
aman aku teringat kau ckp apply kerja kat jobstreet aku apply kejap aje dapat bersyukur siak terima kasih lin,0
aku selalu berpikir cinta itu artinya ingin selalu bersama seseorang yg sebenarnya sangat berharga dalam hidupku itsukipas pa,0
tak peduli apa yang telah hilang dalam hidupmu selama kamu masih mampu bersyukur pada tuhan kamu tak kehilangan apapun,0
sayang kalo kamu cari yang tajir dan ganteng aku mundur tapi kalo kamu cari pengobatan ala tiongkok akupuntur,0
aku dengan kakak aku always wey tak pun yo,0
pasanganmu tetap yang terbaik selama kamu tidak terus terusan mencari kekurangannya justru kurangnya dia kamu usaha lengkapi,0
done yaa moment yang bikin aku jatuh cinta samaeventeen setiap kali aku melihat sikap kekeluargaan,0
thank you pulsanya udah masuk ya padahal mah aku niatnya cuma jawab komen kamu aja eh malah dikasih pulsa wkwke,0
aku baru menyadarinya setelah sekian lamaemoga kelak dapet dospem yg baik hati,0
giveaway lagi nihhhh aku akan jadi karma buat kebaikan yang udh kalian lakuin selama ini dgn cara bagiin parfum yg lg hits,0
sedap ni buat sate,0
lee jonguk karena memang ia menganggap ljs adalah teman baik maka tidak perlu merasa canggung bukankah jika aku merasa rindu,0
kalau aku mau melakukan itu jadinya ini nyatanya begini taunya begitu,0
doa rezeki tak putus inna haa zaa larizquna maa lahu min na fadesungguhnya ini ialah pemberian kami kepada kamu pember,0
amiiiiin goodluck,0
bukan aku lah setan ish dia ni ahahahahahahah syaza en alamak pukul kau kang,0
masuk grup yg aku barusan share ya ntar langsung goyang aja shopeenya,0
kejar mimpimu aku takkan berhenti sblm sampai ke pertemuan 2 laut atau aku akan berjalan bertahun2 qs al kahfi 60,0
nampak sedap do leleh patut aku ikut je zzz,0
benar kan aku,0
nanti aku tanyain keuamiku dulu ya baru aku kabarin wkw,0
jangan semakkan life aku dengan mende yang berguna hahahahaha,0
aku ingin begini aku ingin begitu ingin ini itu banyak sekaliemua semua semua dapat dikabulkan dapat dikabulk,0
tadi ada budak usm kelantan panggil aku akak sebab dia kata gaya aku macam senior lewlwlwls,0
pencapaian sederhana dalam hidup instastory ku dilihat kamu,0
moga2 allah berikan aku bersalin normal dengan selamat kali kedua nanti,0
malu dia kayanya padahal aku bangga2in dia,0
tls followan ama aku yukk rep rt kita temenan,0
aku mimpiin kamu dong,0
lucu do tadi kak cafe asal mana dik mearawak kak k cafe org mana me kuching kak k cafe ohhh org bandar,0
iya huhu aku sayang mutual disini,0
hahahahahahaahahaha aku jauh kot siapa nk amik aku,0
jika allah memberi kamu nikmat sepotong roti saja syukurilah itu kerana allah tidak membuat kamu meminta minta kepada ora,0
ini aku main pake yang biasa tetep nyaman ps4 pro cuma buat 4k doang bang utamanya ini malah aku p,0
masih belum terlambat kalau nak cuba hisap rekorder,0
kakak caro plis hari ini menang ya biar weekend ku berwarna ngeliat kamu di tipi hehehe,0
daripada kamu bergantung pada alat alat ku lebih baik kamu kerjakan dengan usahamu sendiri doraemon,0
hahahaha hey aku lagi lalalaa,0
kena bayar lebih kalau mcmni,0
aku penginne kerjo ng tmpat dgn bismis,0
dosen2 macam bu lilis ini nih yg bikin aku tambah pengen jadi orang hukum,0
karena aku menang fansign svt besok aku mau giveaway untuk carat ditunggu yaa,0
aku suka lebih suka klo lihat isi nya tambah sange,0
mau dong pinjem catetannya aku pemales wkwk,0
jangan pernah tinggalin seseorang yang kamu butuhkan demi orang lain yang kamu inginkan,0
aku ingin ngecat kamar warna tango bubble gum,0
aku ni jenis dahulukan orang yang aku sayang bahagia dulu lepastu baru aku membawa diri,0
ho oh wkwk kok bisa itu lho tingkahnyaaaa heran aku wkwk lumayan kan nyes ilang dikit capekmu kelar kerja haha,0
pm setuju kamu sibuk sebab apa anwar ibrahim,0
bersyukurlah hingga kamu lupa rasanya kekurangan tulisanirin jumatberkah,0
aku emang suka maksa orang,0
bebe rexha ni contoh perempuan yg chubby tapi lawa body goals tak perlu bersusah paysh diet sbb bagi aku semua perempuan n,0
boleh ga aku mampir ke warungnya,0
ngakak aku wkwkwkw,0
lagu insomnia nya skz itu bukan tittle track ya kok aku malah ketagihan lagu itu hehe,0
aku kagum pada thor anak tuhan tapi idup serba sederhana cuma ada tukul tak yah keta hrga juta2,0
sebenarnya aku sedar je yang aku ni tak cantik sebab tu aku letak nama yangchantik sebab nak boost confident aku kalau,0
semarang kota di mana aku dgnnya bertemu meskipun tdk langsung bersatu tapi mampu melewati waktu hingga akhirnya bertemu,0
idm chim kamu gkpp kan duh maafkan aku terlena sama pesonamu nyatanya mata kamu lagi sakit,0
mutualan yuk aku ikonic jg btw rt aja ya fllbck tpi hehe ab,0
hahahahahah aku tahu muka aku jambu,0
entahlah kenape aku bole mention ulat bulu ni hahaahhha,0
alhamdulilah welcomeeeeeeeeeee kasus ta ku terharu aku tuuu,0
huehuehuee mau rusakin ahh,0
bikin instastory cuma biar kamu reply terus ngobrol hehe,0
apakah penting pandangan manusia jika allah yang kamu percaya gitteww,0
seger bgt yus aku tongkrongin sampe makan siang hahaha,0
oke sok atuh lah lakukan kalo emang oke menurut kamu,0
dari nyaman timbul simpatik pendengar yang membuatnya ingin jadi penyelamat hidup kamu lanjut kesentuhan yg niat,0
kemarin ada ngirim thread aku ke aeribase terima kasih untuk sendernya karena aku jd tahu pemikiran orang orang m,0
okay yg ni aku nak gelak hahahahahaahhaa,0
sebab aku yakin pada apa apa yang allah tetapkan dan ridhoi,0
asal ikut aku pula haha,0
haha saja tnya kot la hampa ada mai jalan belah sini boleh aku join bosan gak tkbalik haha,0
hai kak kami memahami kendala yang kamu alami yailahkan informasikan detail kendala kamu terkaithop,0
adoi tak shaking ke gambar hahahaha,0
duh jadi pingin seblak tanggung jawab dong gegara kamu noh jadi pingin seblak ceker es buah ayam geprek hmm,0
tapi aku yakin mereka satu sama lain tuh temen banget semuanya juga berbakat dan saling dukung,0
makasih udah bikin aku ketawa di kelas hehe,0
iya deh kamu kan mommy yang sempurna,0
isu aku bg betik dekat satu taman hari tu smpai skunk org ingat hahahaha nasib baik fyp pakai betik kalau x smpa,0
aku cinta sekali lipcream emina,0
rlt ini di mall aku nemu ginian ngakak bgt,0
yaah kirain masih kerja sama keluarga kamu sampe sekarang yawdah semoga mbaknya sehat selalu dan,0
enjoy your friday baby,0
bighit cerdik ya awal tahun army disuguhi run bts run bts hiatus mereka comeback comeback kelar ada worldtour lg worl,0
sampai saat ini kamu adalah orang yang setiap hari aku ceritakan dan aku banggakan didepan teman temanku,0
aku jugaetuju ini veronica my baby udah gitu tiap interview pun dia aslinya super g,0
cinta itu bukan sekedar logika saling bersama tapi cinta lebih kepada menjiwai bersatunya kamu dan aku dalam indahnya semesta,0
ini kereeen jokowilagi,0
ya ya ya dan aku tahu sekarang,0
aku mau ikutan lagi,0
aku kat sini mencarut carut sieyy hahahahahahahhhahaha,0
sok hebat aku cinta bahasa indonesia,0
tak peduli apa yang telah hilang dalam hidupmu selama kamu masih mampu bersyukur pada tuhan kamu tak kehilangan apapun,0
wkwk aku yo sok ngono btw,0
chemotherapy gdp cycle 2 day 1 orang lain sibuk daftar sem aku sibuk daftar wad doakan yg baik baik https,0
kalau duduk sini tempat die terhad tapi kalau duduk sane kamu kene duduk bersila hanya budak sekolah aku je faham hahahah,0
kata temen2ku pas sma ntar kamu kuliah ambil sastra indonesia aja cocok loh,0
cepet sembuh sayaang semoga kamu selalu diberikan kekuatan dan allah angkat sakit kamu segera yaaemangat a,0
makasih kamu cepet sembuh ya,0
alhamdulillah hidup lgi yg penting hahaha buat masa ni tkdelah tkde rindu lgi kt shah alam tu he,0
ya gimana ya aku juga bingung mau kasih saran nih km jatuh hati karna foto tampannya,0
cintafarahmlda1 aku cinta farah maulida,0
aku tak faham betul lah terlalu baik,0
aku penggemar mie burung dara enaknya nyambung terus,0
wkwkwkwk jan rupane asi teko ati eggg hmmm wkwk,0
wah pas banget aku abis bikin tiktok baru,0
aku cinta bahasa indonesia,0
kebahagiaan tidak akan habis hanya karena membaginya ketahuilah kebahagiaan bertambah ketika kamu bersedia untuk berbag,0
mungkin kamu hanya seseorang bagi dunia tapi bagi seseorang mungkin kamu dunianya,0
terima hal hal yang memang tidak bisa diubah dan ubah hal hal yang kamu tak suka tapi masih ada kemungkinan untuk b,0
sama aku juga sering gitu,0
pasca debut dan semakin bergulirnya waktu bigbang juga menunjukkan banyak sekali peningkatan contohtage presence,0
kalau gituu aku mau pc holo setnya yang wonwoo 1 yang mana ajalah buat hadiah wkwk fannya masih ada ga ka,0
nctea aku jadi pengen punya pacar kayak jaemin sumpah dia tuh loving guy banget kalo lgi dengerin org crita senyumnya,0
aku memahami eceh,0
alangkah baiknya jika kamu bersedia mengenal kan ku padanya nov,0
i have submitted your resume tolong ah accept kalau dapat taklah aku pisang kat sini hahahaahah,0
dan inilah yang crusah aku kate kan thankiu,0
kak ingt msh ada aku gk ush pusing klau nanti sibuk wkwkwk,0
nak beritahu kalau orang tegur cuba kita ambil sisi positif teguran tu mungkin cara dia kasar menegur tapi atleast di,0
yes sumpah sure hahhahahah stress aku nak membuang pon tak selesa,0
selamat siangg wahai kawanku bagaimana siang jum'at nya panas kah ah pasti kayaknyaemoga ga sepanas keti,0
ya ya ya dan aku tahu sekarang,0
hahahahha nasib aku adekan saport kau dulu tidak nanti hambar,0
yaa aku kan pengen dapet,0
karna penampilan tidak menjamin rijki serta jodoh seseorang jadi bersyukurlah aku yg tetap selalu mencoba seseder,0
aku suka bila org yg aku syg selalu cari aku letakkan aku sbg priority diauka duka susah senang dia cari aku dia tak p,0
9 10 krn kesempurnaan hanya milik allahwt ea aku pgn bisa buat gituan biar cttnku asik gt dibacanyaaa,0
thank you cit udah percaya ama shop aku,0
dear kaum hawa ciri bf apa yang anda suka aku tanya hawa yang jantan jangan komen hahaha,0
kamu cantik dan hatimu baik hertysev,0
ya allah ya tuhanku kau lindungilah kedua ibu bapaku disaat aku berjauhan dengan mereka,0
bersama terbenamnya matahari senja ini panjangkanlah kesabaranku sampaikanlah aku di masa depan yang mapan,0
laa patutlah bapa aku pakai dp wasap accapan farewell,0
nak beritahu kalau orang tegur cuba kita ambil sisi positif teguran tu mungkin cara dia kasar menegur tapi atleast di,0
giveaway bcs belakangan ini banyak kejadian hal baik dan aku udh ngerasain gimana rasanya menang ga jadi aku mau ga kec,0
aku harap korang akan okay,0
yaaaaaaa,0
aku aja aku,0
giveaway lagi nihhhh aku akan jadi karma buat kebaikan yang udh kalian lakuin selama ini dgn cara bagiin parfum yg lg hits,0
bilang aamiin makasih kalo aku anti kamu lebih cantik club,0
buat yg suka genre crime mistery thriller kudu bgt nntn drama satu ini hand the guest heran aku knp ocn jago bg,0
aku ilham u,0
giveaway pulsa dikarenakan hari ini aku lagi bahagia mau adain ga kecil an buat kalian 2 pemenang akan dapat puls,0
finally uri khunnie ada solo tour ma terharu aku tuh,0
aku nak pesan satu benda penting ni hargai orang yang masih ada kat dunia ni especially ur mom dad grandma pa siblin,0
aku pun pikir benda yang sama,0
tsktays mutualan hayuk rt aja aku ada auto follback yaaa,0
kalo aku pake bahasa asakusu sasayasang basangtasan wkwkwkwkwkw,0
aku meratapi hidup dengan chill,0
anw aku sendernya ini beli di d3b3eautyhous3 shopee ya pas kmrn ada free ongkir tanpa min pembeli,0
hahahaha maap yak dikira aq soalnya kan km ngasih aku eyeshadow palette,0
aku ni dah la mudah terhibur ya allahhhh,0
hai orang orang yang beriman janganlah kamu mengkhianati allah dan rasul muhammadaw 8 27,0
haii aku michelle si cantikk imuutt pinteerr bgt o gt lt o itu gak boong lhoo p,0
mau aku ciumiiinnnn mau aku pelukinn pokoknyaaa,0
kamu punya berapa banyak topi banyak bgt non tapi yg paling fav bgt yang warna item polos terus sama yg adidas,0
tergelak sorang sorang aku bila baca reply dorangni hahahaha,0
baca ini jadi kembali menjejak bumi kembali sadar kalau kekuasaan allah lebih besar sekuat apapun kamu mengu,0
apapun yang berlaku akan aku tetap teguh berdiri di sini,0
wakakakkaa lawak aku dah deal nk tgk movie ngn die next,0
salah 1 prinsip hidup aku bila aku dah berkeluarga aku sanggup utk buat apa saja demi isteri anak aku turut semua kehe,0
siapa yg mencari mati syahid dengan sungguh sungguh maka aku memberikan kepadanya meskipun dia mati diatas tempat tidurn,0
iya sayang makasih ya love you too,0
mfs folowan rt ja ntar aku folow follback tpi,0
crush pun dah tunjuk true colours dia so aku pun blah,0
bila aku sedih aku selalu ingat ayat ni takpa lahh allah sayang kau sebab tu dia uji kau dengan macam macam dug,0
wkwkwkw yaallah derp pisan tp gpp anw amiiiin thank you and goodluck,0
iyaa aku percaya kamu udh gede hun iyaa,0
hahahaha,0
tidak perlu khawatir tentang apa yang akan terjadi besokelama kamu tahu cara berdoa semua akan baik baik saja,0
aku cintaalim 45alim lovers,0
mutualan yuk aku ikonic jg btw rt aja ya fllbck tpi hehe ab,0
hari ini aku tak akan menunda lagiemakin aku menunda semakin aku galau tanpa guna anak muda harus cepat,0
giveaway lagi nihhhh aku akan jadi karma buat kebaikan yang udh kalian lakuin selama ini dgn cara bagiin parfum yg lg hits,0
org yg terlebih mampu pn target rumah murah org yg x brapa mampu nak duduk pun target rumah murah yes it is part of,0
haloo baca dm aku boleh ha makasih,0
tu lah klau tunang aku ttbe senyap aku yg rasa bersalah hahaha,0
bgsd aku ngakak,0
baik dan selalu sayang sama aku dia juga punya segalanya yah tipe tipe pangeran gitu lah yang,0
hahahaha aku malah demen yg ginian daripada yg tembak2 perang gitu,0
lutchuuuuu kesayangan kesayangan aku,0
ana uhibbuki fillah hatta fil jannah abadan abada aku mencintaimu hingga ke syurga selama lamanya kerana allah,0
hidup bukan melulu tentang hal hal besar banyak sosok inspiratif yang jauh dari highlight di sisa hidupku aku ingin bertem,0
krn kebutuhan istri ga cuma sandang pangan papan doang kalo kamu cinta sm istrimu ya kamu hrs memenuhi kebutuhan sekund,0
bersyukurlah hingga kamu lupa rasanya kekurangan tulisanirin jumatberkah,0
hai kak pantau terus media sosial shopee dan notifikasi akunhopee kamu untuk keseruanhopee ya kak os,0
setiap orang memang berhak menilai dirimu tanpa tau siapa dirimu tapi ingat kamu juga berhak tuk tak peduli denga,0
iyosee bisa jadi ginting menang krna faktor tuan rumah aku liat reviewnya kento di google juga apik bgt wkwk,0
hahaha nk terbang ke sana ke mcmn nnt aku tgk kt setia alam punya,0
aku memang belum punya mobil yang bisa teduhkanmu dari hujan tapi aku punya amer yang bisa menghangatkanmu di setiap saat,0
mutualan yuk aku ikonic jg btw rt aja ya fllbck tpi hehe ab,0
ayo jangan patah semangat aku jadi ikutan baca2 setelah sukses instal homescapes lagi,0
salah 1 prinsip hidup aku bila aku dah berkeluarga aku sanggup utk buat apa saja demi isteri anak aku turut semua kehe,0
12 y o niece bang long dekat u belajar apa me islamic accounting 12 y o niece ohh kira tasbih laa ni hahahahahan,0
yuk gabung grup goyanghopee aku bonus koin hingga 100 dengan main bersama grup,0
bighit cerdik ya awal tahun army disuguhi run bts run bts hiatus mereka comeback comeback kelar ada worldtour lg worl,0
aku akan list kan cafe cafe menarik yg aku dah pegi area bangi in this thread,0
wahai manusia yang aku suka terima kasih sebab support aku serta ada ketika aku gembira dan duka kau memang anugerah,0
aku ni memang mudah terhibur,0
percayalah yg komen gmbr tu dia sendiri yg komen bukan aku hahahahahahahha,0
aku maw kok,0
kau menyesal tak kenal aku tak sebab semua perkenalan pasti ada hikmahnya utk kita diperbaiki atau membaiki seseorang,0
hihihihi look at the face lepaskan aku taknak kau bau ikan bagi aku mandikan dulu namau nameow catsoftwit,0
kak dwita kita udah kenal lama eh pada akhirnya aku tau dia nggak cuma manggil sayang ke aku dia lebih dulu p,0
aku banget 24 ketemu mantan pasma aku minta dilamar langsung eeh lgsg pulang kampung dilamar,0
wkwkwk bener ntar pas kenalan disekolah nama kamu siapa jeno loh kok sama kayaknya mama kita d,0
aduh aku deg degan sekaliiii,0
rlt mutualan yu yang gamasalah aku suka rt in ga sama twt receh rt ya dn aku ada tapi follback kalo ngga maapin ak,0
aku ternyata tidak bodoh kawan,0
alhamdullilah cuti 3 hari tkde homework akhirnya aku boleh study dgn aman hw pijik harini dh terbuat smlm,0
hai orang2 beriman apabila diseru menunaikan shalat jumat maka bersegeralah kamu kepada mengingat allah dan tinggalka,0
hahahahaha iya aku inget kok,0
bkn tunjuk baikk aku pn byk juge melakukan dosa tp sekurang2 nye kita cube mengurangkan dosa yg ada jomjumaat,0
done watching dilan 1990 2018 dari start movie sampai habis aku senyum sorang nasib baik tengok sengsorang kalau ram,0
ya allah aku berlindung kepada mu dari siksa kubur dari siksa neraka jahannam dari fitnah hidup dan mati dan dari f,0
sebenarnya aku sedar je yang aku ni tak cantik sebab tu aku letak nama yangchantik sebab nak boost confident aku kalau,0
hahahahahahahahah babi,0
nak aku viralkan tak hahahaha,0
dear someone i truly care and love u tp aku takkan luahkan aku takut kalau rasa hati kita tak sama aku percaya dgn ay,0
ajak aku,0
mfs folowan rt ja ntar aku folow follback tpi,0
ab aeri followan yuu yang ga masalah aku mulfan hehe,0
karena mbk lia banyak cinta pasti kuliah advokatnya sukses love you more mbk,0
enak aja ga dong alis aku lebih bagus,0
aku juga kangen,0
ada effort dari mula relay sampai bila bilaetia ambik berat penyayang jaga batas terima baik buruk aku,0
aku suka orang cakap macam ni even tak rasa benda tu menyusahkan pon at least aku tahu dia appreciate pertolongan aku https,0
wkwkwkwkw,0
hi po crushhh akin ka nalang hello pang sayra lang pu aku ih kaya pass hehehe,0
aku dah kata aku takleh tengok drama korea hahahahahahahaha wtf sweet terok,0
bila nak macamni hahaha,0
cintai aku apa adanya bukannya ada apanya bego vscofilter vscosimple vsco vscoedit vscoindonesia,0
takapalah mungkin aku tak ada rezeki dalam hal tu,0
weh sumpah do tolong la sesiapa jumpa kad matrik aku taknak buat baru,0
tapi aku tak rasa aku boleh macam tu so no hahahah,0
even inmydreams di ig kak tapi satu doang itu foto mereka wkwkwkwk biasanya dia edit kaistal sehun seu,0
happy birthday base traktir aku eskrim dong,0
ihh aku mah disini terus gak kemana2,0
bagi meme 'yuk main yuk' ke aku dong yang baik,0
mau bubeks mau,0
masih open yaa beb yang mau manja2an malem ini bisa dm aku yaaa bojakarta bisyar bispak bisyarlampung bispaklampung,0
aku rasa aku power hahahahaha,0
okay attention doktor report i m free from cancer tak sia2 aku berdoa jaga makan do the healthy activity and la,0
jangan pernah bohongin perasaanmu kalo emang km sayang dia pertahanin amp perjuangin buktikan kalo kamu pantas buat dia,0
mutualan yuk aku ikonic jg btw rt aja ya fllbck tpi hehe ab,0
jgn pernah ngerasa ga layak ga pantes kmu berhak mendapatkan cinta dari org yg kmu inginkan dari org yg terbaik buat kmu kamu layak,0
karena aku terlanjur jatuh cinta sama kazu uwu,0
hahaha aku pernah ada kawan berpurdaheminggu sekali je kot dia basuh baju mandi pun sehari sekali je baju dia sem,0
aku suka kau bang,0
mini giveaway alhamdulillah aku ke terima mpk dan sc disekolah terus juga beberapa hari yang lalu aku ulang tahun jad,0
nah ini aku setuju mba biar kapasitas otak calon pemimpin bisa teruji,0
suka ke tak suka aku ada aku kesah positif je kau siapa,0
apapun yang terjadi komunikasikan dengan pasangan tentang apa yang kamu rasakan jika pasangan nggak juga membantu cari,0
okay aku dah faham situasi sebenar an old man masuk toilet perempuan sebab toilet laki kunci and the guy yg ketuk,0
1 aku memilih islam 2 aku percaya islam 3 aku percaya sama janji allah yg udh tertulis dlm al qur'an,0
aaaaa sayang sayaaang terimakasih ucapannya hwdnya disimpan buat tahun depan yaa fb aku juga dah mati kok gabisa dibuka,0
kanan kiri depan belakang juga kamu ganteng,0
ketika kamu mencintai seseorang beranikan dirimu tuk mengungkapkan jika tidak beranikan juga dirimu tuk melihat dia dicintai orang lain,0
salah satu sebab aku suka buku buku lama ialah lenggok bahasanya terjemahan untuk mechanics ialah kajidayaama juga seper,0
tergelak sorang sorang aku bila baca reply dorangni hahahaha,0
terimakasih untuk ayah dan ibu maafkan aku jika aku belum sempat membahagiakanmu dengan usahaku,0
ga usah janjiin bintang dan bulan untuk aku cukup janjiin kamu bakal selalu bersamaku di bawah cahayanya,0
bukan ingin memiliki tapi ingin mendampingi bukan ingin dicintai tapi ingin mencintai bukan ingin sendiri tapi in,0
omg merdunya suara kawan u,0
aku suka orang cakap macam ni even tak rasa benda tu menyusahkan pon at least aku tahu dia appreciate pertolongan aku https,0
baik,0
siapapun yg mau beli hp ini met bobo moga mimpi indah bangun2 segeremangat hari2nya dari aku yg masih mend,0
apabila suatu hari nanti terjadi hal hal di luar ingin kita aku ingin kamu percaya bahwa untukmu aku akan selalu ada m,0
semenjak aku kenal dan ngikutin bg dan bg jadi dapat nambah ilmu setelah ngikutin thread mere,0
bagus,0
o ow tapi dimata bunbun kamu menggemaskan,0
hahahhaha tak fikir storyline lagi nanti aku buat,0
haha itu la tu aku pun tak tau apa jadi,0
haha apa sih mak iya kan nanti habis itu juga kamu nyusul halal kain apa mak kain lap haha,0
sebab course ni course yg aku mmg aim awal and aku dapat skrg alhamdulillah,0
berkutat lagi dengan skecap dan interior aku bahagia,0
kamu tuh kadang suka ngeselin tapi sering banget bisa bikin aku kangen,0
hahaha buat masa ni tak pernah lagi lah salah masuk,0
haha aku nak buat ayat lain sebenarnya aku nak cakap siapa sanggup terima aku do lura happy dalam krohhhhhhh,0
aku tu peka terus mana pernah aku gak peka wkwk,0
hihihihi look at the face lepaskan aku taknak kau bau ikan bagi aku mandikan dulu namau nameow catsoftwit,0
maksdnya mba anna sholat jumat gt btw tq banget lah didoain aku mba,0
aa mauuu aku belom punya album sama sekaliii baik lama maupun album baru,0
bapak rajin bai aku balik pakai baju kurung ' semoga crush melihat,0
nak beritahu kalau orang tegur cuba kita ambil sisi positif teguran tu mungkin cara dia kasar menegur tapi atleast di,0
still effort do hahaha aku mana ada org buat camni kt aku rasa special kit,0
hahahaha aku rasa dorang tak tahu yang aku ni staff,0
jawab by eh tapi kamu kan ga pernah ngambek sama aku,0
geram bhai aku tapi tkpela bagi dia menang hahahah,0
hari ini aku belajar sesuatu aku belajar untuk menghargai setiap orang yang hadir dalam kehidupan ini tanpa bertangguh,0
bodo betul aku terhibur bodo ada member ceni,0
makasih banyak yaa kamu abis ini ya ultah hehe,0
aku jg lagi baper jd paham kwkwkwk,0
jangan takut mencoba hal yang baru gapailah impianmu tapi ingatlah tak peduli kemana kamu pergi keluarga tempat kamu kembali,0
aku ambil keputusan untuk ada bila di mana orang memerlukan teman pertolongan dan i will be there for you,0
kenapa harini dia senyum banyak kali kat aku ni alahai cair,0
jangan nanti aku sayang,0
tawa kecil di seberang telpon menggetarkan hati sekaligus membuat nyali menjadi ciut kuatir bhw selamanya aku hy,0
ni kalau suami aku panggil sayang macam ni we're gonna make babies right after,0
bapak aku hebat dia polisemua orang takut ngan dia ali eleh bapak aku lagi terer kalau dia suruh orang tunduk,0
iya kaya kamu,0
waduh kasian akunnya cepat baikan tuh akun biar nanti kamu jadi punya banyak akun,0
meskipun kata dokter gak boleh tapi aku masih percaya kalo bawang merah bisa ngurangin perut kembung d,0
nctea yangayang anak ini ayok mutualanama aku aja mwah,0
setelah pernah ngerasa how lucky i'm bisa sama kamu sampe akhirnya ditinggalin skrg ngerasa how lucky i'm punya org,0
kamu mau kemana sih udah disini aja diluar dingin biar aku peluk ucap kasur kepadaku di setiap pagi hari,0
brp yeoja temenin aku meraih kepuasan yuk,0
aku mauu,0
aku up banget lah wkwk,0
ouhhhh hahahhahahahahahh lah takde pun maybe tk follow each other kot tu yg aku tokleh tgk,0
katanya sayang sama orangtua tp status wa disembunyikan dr orangtua hehe itu aku,0
sama aku ajaini,0
aku anak baik baik kok wkwk,0
teruntuk idola semasa remajaku aku doakan dirimu bisa menjadi istri yg sholehah dan berbakti kepada suamimu kan k,0
alhamdulillah adik ipar ku dan temen2nya masih selamat wlaupun ya pala nya benjol bibir nya pecah aku sedih ba,0
terharu baca threadnya kamu baik banget sih semoga rezeki kamu lancar terus next time semoga aku bisa menang ga,0
so sweet dua dua walaupun bahasa macam ppfttt,0
aku juga sebenernya gemes pa tapi si yepen ngeyel suka susah dibilangin,0
bagilah aku kekuatan utk selesaikan urusan semester ni dengan lancar,0
if si keli tu boleh jadi femes apantah lagi aku kan kahkahkah,0
untunglah boleh baik semula aku ada beberapa kawan yang dulu ngam gila sekarang biasa biasaekarang,0
hm rasa macam nak jual lah ip7 32gb rosegold aku ni nak angkat ip8 pun macam nice hahaha,0
ganbattee you can do it jangan risau aku akan selalu support kau,0
mu aku ketawa ',0
hahahaha dkpe r aku rela cri kt lain,0
aku lahir dlm keadaan islam saat mulai dewasa aku mulai mempelajari islam dan semakin jatuh cinta dgn agama ini,0
kalau kamu mau dihormati harus mau menghormati,0
berkenan betul aku dgn concept design ikea ni kepada bakal isteri kita tiru ni je la ek tak payah pening2 https,0
hahahaha nnti aku dtg aku gomol kepala dia,0
list nya ni aku banar wkwkwk,0
boro 15 menit liat iklannya saklebatan ae wes deg parah sampe bingung aku iki wedi ta jatuh cinta,0
rlt mutualan yu yang gamasalah aku suka rt in ga sama twt receh rt ya dn aku ada tapi follback kalo ngga maapin ak,0
aku jenis cepat marah tapi cepat sejuk balik marah aku tu tak lama punebab nanti aku akan rasa serba salah even bukan sal,0
aku ada baca jgk lg complicated org kata blackflag lg best,0
cinta itu adalah anugrah terindah dari tuhan aku bersujud dan berdoa pada tuhan dan akhirnya kutemukan anugrah terindah itu yaitu kamu,0
ngantuk aku tidur dulu jangan khawatir besok aku masih mencintaimu seperti biasanya besok aku masih ngirim pesan seperti,0
ditanya kamu mau yg seperti apa nggak ada yg sempurna kalo kamu cari yg sempurna katanya nggak ada orang baik,0
tadi aku bilang ke bahwa passion itu bisa dicari tanpa kamu sadari atau tidak jika itu bukan bidangmu fokus k,0
iya sayang syukur kamu ingat aku,0
hahaha padahal aku ngarep sama kamu mulai maba eh,0
mi christychibi aku mau menjadi rusuk karena aku bisa melindungi sebuah hati yg lembut dgn diriku dan hati itu adalah kamu,0
mall sebelah unikl ni tadi aku pi usha memang harga apple dah turun masa aku sampai tadi orang punya la berkerumun seba,0
wakakakakaka iya begitula aku memng ada ada saja,0
ada juga tipe orang yg segala diceritain mau itu hal lucu sedih kegoblogan kesenengan semuanya diceri,0
aku kan pengen icip2 abu cafe itu haha,0
eh iya yah hahahaha,0
betul aku terima buat masa sekarang mungkin ini kifarah aku sendiri,0
ini yg aku suka pura2 waras partai berkarya kemana ya hehehe,0
aku 300 chapter manga conan juga dim nikmat mana yg kau dustakan,0
rambut dia gimana aja aku sayang kok,0
mau aku temenin malah nugas yeuuuuuuu wajah strespun ganteng maleen,0
tls followan ama aku yukk rep rt kita temenan,0
tak peduli apa yang telah hilang dalam hidupmu selama kamu masih mampu bersyukur pada tuhan kamu tak kehilangan apapun,0
aries jangan takut tuk mengambil keputusan ada harga yg harus kamu bayar tuk mendapatkan apa yg kamu inginkan,0
jika allah memberi kamu nikmat sepotong roti saja syukurilah itu kerana allah tidak membuat kamu meminta minta kepada ora,0
alhamdulillah adik ipar ku dan temen2nya masih selamat wlaupun ya pala nya benjol bibir nya pecah aku sedih bangettt,0
aku bgt,0
sebenarnya kalau korang kenal aku in real life mesti kau seronok kawan dengan aku aku sebenarnya ok je lawak pun ya,0
terlihat enak,0
alia dm benda ni kt aku hahahaha,0
aku ingin selalu berfikir positif meskipun pada kenyataannya aku keliru m dan akhirnya aku harus menyembukan luka,0
aku wes katam yg kyk gitu disini wkwkkwkww,0
dan aku isa ibnu maryam memberi kabar gembira dgn datangnya seorang rasul yg akan datang sesudahku yg namanya ahmad muhammad 61 6,0
wkwk makasih eonniee sampai oleng aku tuh nulisnyaa,0
the battleship island berjaya buat aku teriak,0
aku hanya ingin menjadi seseorang yg peduli didepan kamu aku berharap aku selalu ada disaat dibutuhkan,0
kayaknya aku ngerti lo wkwk,0
aku mau minta tolong ke kamu gampang kok cuma mau kamu jangan pernah tinggalin aku,0
kok aku lebih seneng kalo kuliah pagi ya,0
aku suka manganya live actionnya animenya ku suka semua,0
terkadang orang yg paling kamu inginkan adalah orang yg membuat hidupmu tak begitu banyak sedih jika tanpanya,0
ni kan sbnrya budak genius cekap math sometime sakit mcm ni cekap in art,0
apa yg berlaku pagi td betul2 terkesan dlm diri aku,0
giveaway pulsa dikarenakan hari ini aku lagi bahagia mau adain ga kecil an buat kalian 2 pemenang akan dapat puls,0
yeeees akhirnya minion kita menaaaaang spot jantung aku nontonnya japanopensuper750,0
selamat dibalik bullyan mu kamu menyimpan segudang prestasi,0
kalo misal eps 3 4 oke dan aku tetep lanjut kayanya ini bakalan jadi drama korea pertama yang aku tonton di tahun,0
mas dani ini emang marketing canggih cara promosiin blog nya aja smooth banget,0
memang betul kalau ada yang bilangeptember itu bulan ceria tapi kamu tau apa lagi yang bikin ceria ngemil cara,0
tapi seriously tk penat pun sebab aku pernah kerja part time sebelum nie lagi penat,0
mama dkt luar call aku tanya nak lunch apa and then i said i want goreng pisang hahahaha senang mama takyah masak mama pun pelik,0
emosi tidak akan membimbingmu pada suatu pemikiran atau tindakan positif oleh sebab itu kamu harus tenang teens livia,0
cinta sejati itu ga seperti pohon jadi ga mungkin bercabang cukup ada satu cinta aku dan kamu,0
hai kamu safe flight ya,0
apa yang kamu anggap aneh aku anggap luar biasa,0
aku malah nangkepnya kreatif lucuk sih daripada dia naro link mv di tweet berita yg ga ada hubungan sama se,0
sekarang aku belajar redha amp terima hakikat yg dia bukan untk aku setia amp syg aku untk orng lain yg boleh lebih menghargai aku,0
esok aku akan kawin k guys boleh dtg ramai2 ya pfttt,0
siap sayang semuanya buat kamu,0
tak sabarnya tunggu bulan 10 kumpul duit pi travel thn depan kakak aku ajak prgi perak aku kalau boleh nk pergi melak,0
hahahaha aku tergelak weh,0
noey aku cuma mau bilang i love u noeey chibi,0
nice nice aku anak kicil nich,0
hahahah becilaaa mu tahu dok tkdok orang pun ganti akuian dia buat sdiri,0
terima atas kesetian selama iniusah senang bersama dulu ko nak pergi pd ko tinggal akuekarang ko nak konvo,0
bismillah semoga aku beruntung blm punya album ini,0
aku suka bila org yg aku syg selalu cari aku letakkan aku sbg priority diauka duka susah senang dia cari aku dia tak p,0
sebenarnya aku tak percaya dengan kesempurnaan karena itulah kita terlahir untuk mempelajari sesuatu dan membandingkan diri kita dengan y,0
nanti aku liat deh wkwkwk,0
ya allah aku berlindung kepada mu dari siksa kubur dari siksa neraka jahannam dari fitnah hidup dan mati dan dari f,0
aku mohon jangan baik sangat hati ini mudah jatuh pada manusia yang suka mengambil berat,0
pantai indonesia gak kalah indah sama pantai luar negeri lho booklovers cocok buat berlibur dan bersantai saat,0
kalau dm aku mau kakk,0
kesetiaan sejati bisa berbicara apa yg kamu anggap benar dan apa yg kamu anggap salah jowy blightuikoden,0
aku ingin merasakan cinta tapi bukan dari orang lain yg ku ingin kan hanya dari kamu,0
eh aku tak segan nak mintak aku mintak je lantak pi lah selalu aku sindir cara halus hahahaha,0
bagus blok aku ni kejut pegi solat jumaat aku dah terkangkang dah tidoq penat kelas tadi jalan kaki siaa kena tinggal bas emmm,0
anak jiran aku umur 3 tahun bagitau 'bf ko gay kak sbb tu dia dah taknak pegang tetek ko laangsung' hahahahahaahahaha,0
aku bahagia,0
kan aku pi padang brown pakcik ayaq teruih tanya mak mana mak sihat ka hahahahahaa,0
cinta aku ke kamu ilham,0
makin besar makin banyak benda yang aku belajar,0
kita butuh bicara dengan hati yang damai namun sayang rasa rasanya cinta ini terlalu besar untuk bisa dibungkam ketika m,0
weh apadia mimpi aku ngandung hahahahahah,0
perangai classmate aku dah mcm perangai abg2 aku hahaha oh why,0
dikasih asupan cinta tiada henti aku jadi kenyang tidak perlu melirik grup lain,0
hahaha i can t sepanjang aku kerja tak pernah lagi dapat intubated patient yg boleh cakap and active macam ni again dram,0
selamat istirahat aku sayang diriku,0
idm army aku gabut ayo mutualan sama aku aja ya autofollback tapi hehe,0
hahahahahahahaampai tudung aku dh nk tercabut dgnpec jatuh,0
teens fannie aku rela ikut lomba lari keliling dunia asalkan kamu yang jadi garis finish nya,0
mazmur 3 3 3 4 tetapi engkau tuhan adalah perisai yang melindungi aku engkaulah kemuliaanku dan yang mengangkat kepalaku,0
kita hidup di negara yang jauh dari sempurna tapi selama aku bernyawa akan kujaga indonesiaelamat menikmati ceri,0
aku juga ikutan ahh guys bantu aku untuk menabung pls karna wangku untuk tiket lytour kepake hal urgent jdinya ku har,0
walaupun diri ini dah hancur percayalah aku cuba juga untuk membahagiakan orang sekeliling tanpa putus asa itu sahaja ya,0
tips untuk membuat perempuan bahagia kalau dia chat kamu jam 13 00 usahakan balas chat dia jam 12 59,0
aku juga lagi nyari,0
tuhan yang tercinta anugerahilah aku dengan sebuah ide bisnis yang akan meledakkan peranku bagi kebaikan sesama aamiin,0
kamu sukanya cowo lain,0
aku masih ada juga wkwkwkw,0
semoga kk panjang umur sehat selalu jodoh sama hyunjin bisa nonton straykids bisa ikut fansign po,0
untung kamu strong ya pukpuk diri sendiri,0
gua dinyanyiin raisa lagunya mantan terindah ya allah aku terharu,0
masyaallah sistur sedapnya suara dia,0
wakakaka gapapa aku dukung,0
aku lebih suka berimajinasi,0
dibalik semua kebosanan dan ketidaknyamanan dalam hidup mu inget masih ada aku di aceh tetep bersukur ya,0
aku ingin selalu berpikiran positif meskipun pada kenyataannya aku keliru dan akhirnya aku harus menyembuhkan luka,0
kalau akhlak mereka lebih baik kenapa engga kalau mereka lebih bisa menghargai melindungi dan,0
jangan batasi dirimu dengan kata 'menyerah' kegagalan hanya sementara percaya diri terus berusaha dan katakan 'aku bisa ',0
ihiy aku juga mau minta donkk,0
aku tak pernah memiliki kebijakan aku hanya melakukan yang terbaik setiap kali dan setiap hari quranhour,0
save skit utk aku hahahaha,0
allahu trimas la sebab caring tapi jangan la buat aku ni macam tak sedar diri aku sedar tahap aku dekat mana usaha aku,0
nah aku juga kepikiran gitu pengen bgt punya totoro duluan hahaha tp pengen juga punya temples sesegera mungkin hahaha,0
kau tak perlu berubah aku mencintai baik dan burukmu laku masa lalumuegala kekurangan yg tak kau banggakan jg segal,0
7ocial pr aku rasa benda ni paling penting kalau lah kau tak berjaya dalam akedemik sekalipun kau perlu power benda ni,0
perempuan dinikahi kerana 4 perkara pilihlah kerana agamanya nescaya kamu bahagia,0
cik din panggil mai kerja cashier mydin balik hahaha bagi gaji basic 2k baru aku pi,0
yaaaaayyy,0
ayo jadi mamaku biar aku banyak punya mama 3,0
aku selalu berusaha untuk ada disaat kamu membutuhkan begitulah diriku yang sebenarnya yang ingin melihatmu selalu bahagia,0
kalo kamu sayang sama aku kamu pasti tau apa yang aku rasakan ',0
aku siap mas,0
thank you sistur doakan kejayaan aku,0
aslian aku ngebayanginnya ketawa trus wkwkwk,0
jika kamu ingin seseorang percaya padamu hal pertama yg harus dilakukan adalah meyakinkan mereka bahwa kamu mempercayai mereka,0
apacik yg aku gatauu wkwk,0
aku apalagi kak wkwkkwk,0
makkkk ucapin aku ultah dong sekalian sama kadonya ya,0
hahahahaa gi mkn2 je pun kawan aku tikah yg dri johor tu dtg so bawak la dia jenjalan nk pegi mana,0
hahaha anjir,0
agreed,0
bersusah susah dahulu bersenang senang kemudian kau kaya dulu aku kaya kemudian,0
tuhan tolong aku ku tak dapat menahan rasa di dadaku,0
aku yang triggered tengok poster tu apabenda tah emo kejap hahahahaha,0
yes tetap presiden bpk mantap,0
aku tunggu kak,0
biarpun aku gak keren tapi aku bisa selalumembuat kamu tertawa nobita,0
klo ak pnya pintu doraemon ak pngen masuk ke hati km biar ak tau perasaan km ke ak sama gak kaya perasaan aku ke km,0
sekarang jugak aku install tiktok,0
snow menipu tapi aku suka,0
aku takperlu nak sedih sbb dia yg bodoh lepaskan orng yg betul2 sygkan dia,0
semoga tabah dan sabar dalam setiap ujian yang aku terima,0
aku ikooodddd,0
rasa tulus mencintai seseorang kamu pikir berapa kali akan muncul dalam satu kehidupan kamu tak tau betapa berha,0
sama dgn aku mekanikal jugak tapi macam mustahil je terjumpa nnti hahahaha btw goodluck study hahaha,0
baru tau aku thanks mbak,0
kerenan nonton film wiroableng pendekar kapak maut naga geni 212 aku ngeri liat film jadul,0
duniaku masih kamu,0
jika suatu hari nanti di dirimu aku sudah kurang berarti kumohon tetap sapalah walau hanya dalam puisi,0
hahahaahahhahahahhaahahhahahshshahahahahahahha pqoootttttt tah mana tau dia lagi pun ka,0
mazmur 91 15 kalau ia berseru kepada ku aku akan menjawabnya di waktu kesesakan aku ak,0
weh kenapa duduk sini aku asyik macam nak sakit je haih kuatlah,0
kamu cantik apalagi kalau jb tweet aku,0
cinhappp happy birthday aduduu udah jarangg ketemu aku nihh semangat trs ya kamu di team j jangann lemot2 lagiii,0
nga lah aku lg nungguin pria2 jumatan iya sama2 saling mendoakan,0
suka lucu ngeliat kelakuan orang orang yg ngerasa ga enak hati sama aku aku nya aja ndak papa lhooooo,0
kwk ku juga dulu begitu ketemu pas lagi bruntusan trs dia bilang mau kamu jerawatan segede alaihim,0
nsib baik aku tk simpan lgi,0
iya aku kutikut ngetawain dan post skrinsyutnya pula maafkan aku dekjom sok2an ngetawain padahal,0
mau yang manis liat erin aja dev hehe bercanda okay tunggu ya aku masuk ke supermarket dulu erin be,0
ga buat tas gucci tinggal aja kan yaa aku seumur2 blm pernah menang ga wkwkwkwkw,0
mohon rmi lelaki yg merokok buat mcm ni hahahha,0
mmg aku duk sana tuk makan je hahahaha,0
erghh mungkin boleh dipertimbangkan aku sejak kebelakangan ni makin pendek tangannya hahahhaha,0
hah hahaha geli banget gue pake emot jempol udah kayak bapak bapak di wa,0
lebih enak kalau langsung ajak ngomong mah beberapa org ada yang ajak aku fambest dulu ta,0
aku suka spongebob uwu,0
tak sengaja aku melihatmu tersenyum padaku,0
selamat pagi jumat dan doaku hari ini masih tertuju kepadamu agar kamu percaya mengawali hari dengan mengingatmu sering,0
amiiiin goodluck anw,0
aku menguap lebih 10 kali kot hahaha,0
aku juga nyari astaga,0
aku mauu,0
this is especially the truth aku pun nasib baik tak rosak liver konon nak cepat kurus cut sugar intake calorie counting,0
jangan lucu lucu mpul nanti aku sayang,0
semua anjing aku suka tapi corgi gemes soalnya pantatnya montok hngg,0
aku mencintaimu karena allah dan aku takkan pernah mau dipisahkan denganmu kecuali allah yang memisahkan kita,0
jilake pintu kaca kat opis ni clear namati sakit dahi aku terhantuk hahahaha laju plak tu malu la gilaa hahahahaha,0
ya allahayang kamu kok ganteng banget ',0
aku doakan semua perempuan yg nak pakai tudung esok terbentuklah oningnya dengan sempurna,0
jangan tanyakan mengapa seseorang membencimu sebelum kamu tanyakan dirimu sendiri mengapa kamu peduli akan hal itu twittbot,0
kak aku sayang kak mestinya,0
aku ikutttt karna rulesx terpenuhii semoga rezeki ku aku dsni karnaa ga ka vicka yg lain ga pernh menang ',0
wkwkwkkwkwkwk,0
menetaplah jangan kau peergi aku sudah mulai nyaman menikmati panasnya kopi,0
jangan menunggu bahagia baru bersyukur tapi bersyukurlah maka kamu akan merasakan kebahagiaan,0
diminiii gak kerasa udah 1 tahunan kita berkawan uuuu makasih udah mau jadi temen aku sabar dengerin aku yan,0
hahahahah jangan tanya kenapa aku suka dia,0
aku lebih suka orang menegurku daripada memujiku kerana teguran dapat membetulkanku tetapi pujian akan memusnahkanku,0
doa untuk ibu dan bapa ya allah ampunila,0
kamu adalah jawaban atas doa doa yang kulantunkan di sepertiga malamnya jokowi2periode 2019tetapjokowi,0
aku nggak punya akunnya makannya bisanya anon wkwkw,0
ok nder 3 bulan waktu yg cukup buat jd lebih cantik aku jg malah ketemu doi 1 stgh taun lagi hehe udah,0
tauu hahaha kang ckp pastu drag sampai ke org lain taknak hahahaha aku ckp aku niaa kang bukan kau hahahha,0
aku mencintaimu karena allah semoga kamu adalah penuntun menuju surganya jokowi2periode 2019tetapjokowi,0
kalo menang mau aku belikan memory card baru buat hapeku sama sisanya mau buat beli stuff seventeen,0
keluar dari kepompong dan menjadi kupu kupu yang cantik aku ghaida,0
hhhh cantik bangett kamu mba,0
aku tak suka lukis art org lain tp i tried amp i loved the process alhamdulillah owner pn suka sgt,0
seneng ya kamu,0
aku lagi suka sewa kereta dgn org laki berbanding pompuan sbb kereta dorg lagi kemas and bersih,0
asyiknya gamelan dan mbok jamutradisional jamugendongehatalami herballife,0
nctea tidak ada perlu aku katakan aku tetap mencintaimuampai saat ini aku masih menunggumu kembali kun kau h,0
kenalllllll dekcik ada dgn aku masa aku sedih amp happy,0
ada masa dimana namamu adalah yang paling aku tungguedangkang sekarang datang masa dimana sebisa mungkin aku berharap tak me,0
aunty yang pintar kan aku,0
apa yg lucu lahanjy wkwkkw,0
makanya aku juga bingung wjwjwjw3j,0
nanti november kan ketemuan hihihi jangan lupa bawakan aku hadiah,0
giveaway lagi nihhhh aku akan jadi karma buat kebaikan yang udh kalian lakuin selama ini dgn cara bagiin parfum yg lg hits,0
haha jadi dong alhamdulillah asli habis 10 9 aku gaberani intip lol,0
berhenti merokok selama 20 menit memperlancar tekanan darah denyut jantung dan aliran darah tepi lho apakah kamu sudah si,0
15 september 2017 ternyata aku sama boxer graf sempet mt nan wkwkwkwk oh jadi ini yg dinamakan jodoh g wkwkwkw,0
kakkk luk et mi luk et mi apaka aku tyda cantik aku cantik seperti bidadari,0
nak join aku pun agree dowh,0
wkwk aku sih selalu ayo nung nek minggu,0
hai tari selamat ulang tahun yaemoga kebaikan hati kamu dibalas sama tuhan dan semoga kamu bahag,0
aku sumpah cheese ni penyelesaian segala masalah kat malaysia nak kedai makan laris jual makanan dengan cheese nak b,0
apa yang menarik perhatian aku dengan iphone baru ni dia punya camera iphone xr single camera tapi dia punya gempak boleh t,0
pagi dek woncha aku kangen kamu,0
kamu percaya padaku dan aku akan percaya padamu rin ao no exorcist,0
virgo apapun yg terjadi merupakan proses untuk kehidupanmu yg lebih baik lagi jangan mudah menyerah hanya karena satu,0
wkwkw aku yo ngono mau wis otomatis iku koyoke,0
hai kekasih janji kamu tidak akan dikalahkan mobile legend,0
setahun dah kat yaman sik berasa waktu eh hahaha banyak benda aku belajar disitok walaupun hakikat aku duduk di pedalaman hadramaut haha,0
pantes aku dibilang chill,0
aku tak akan berdusta,0
kuy sama aku wkwkwk,0
ye empyun hahahahah kan si noah post ig tntg film tagged padahal aku nntn tagged sejak season 1 tapi perasaan gak,0
asyik2 aku je yang kene bebel ngan bapak aku soh nasihatkan dia masalahnya bila aku tegur dia dia yanh takmo deng,0
aku lagi main final fantasy awakening lho gabungan main yukz,0
bagaimana kalau kita berdua jadi komplotan perampok aku merampok hatimu dan kamu merampas hatiku,0
kamu adalah yang ia inginkan untuk menjadi tempat persinggahan terakhirebesar itu harapannya kepadamu jangan mengecew,0
aku akan happy af kalau capa pergi please capa,0
hala kinikilig aku thank youuu,0
that's my boys teruskan share benda macam nih dan kita buktikan bahawa bukan semua lelaki trash,0
mauu aku dom jogja,0
kawan aku selamatkan kucing yang hampir lemas di dalam mesin basuh di sebuah kedai dobiesiapa pencinta kucing boleh b,0
dua2nya tokoh yg berpengaruh siapa diantara dua org hebat ini yg kamu kagumi lets vote retweet and like leave your co,0
apanya amplaz aku jalan jalan doang menyusuri trotoar capek terus ngadem di amplaz wkwkwk,0
jarang setuju apa kau selalu setuju dengan aku,0
yang pertama sama kedua lucu ihh kayak rubah arctic sm husky mini tapi aku muslim jd can't relate,0
hahaha bukan salah aku eh aku tak de kelas pun harini,0
perempuan ni cantikebab itu allah suruh tutup sehabis mungkin jgn kamu takut dengan kepanasan dan ruam panas yang,0
kalau nak ada mak tambahan yang superb sporting ala2 mak regina dalam movie mean girl yang i m a cool mom tu mak bole,0
belah lah dadaku kamu pasti melihat apa kata kata ku,0
hahahahaha kena la censored nanti ada anjing menyalak aku kena panggil nanti hahahahaha,0
hanya karena pernah terluka tak berati kamu harus takut mencinta ada seseorang yg tepat untukmu di luar sana,0
haha bodoh punye rba hari2 kene maki ngan aku je,0
oh hahahahahahhhahah dalam bakul aku baju kau lupa nak cakap aku letak dalam beg hehehehhehehehehhehehh sorry,0
jadi pacar aku aja gimana,0
karena aku mencintaimu aku mencintaimu di dunia ini lebih dari siapapun conan edogawahinichi kudo to ran mouri bot,0
aku incer ts wkwk,0
ingin aku memiliki,0
wkwkw eh udah kerja yah kamu,0
baru dengerin lagi dan candu terus inget pas fansite jihoon ada yg nge tweet 'beautiful fe,0
ya tuhan kutuklah aku jadi milliader,0
hahaha epa mmg suka sepak ngan aku nya dia sepak manja manja ja lah,0
klien adalah raja yang satu ini seringkali manja gemesin banget deh kamu,0
meskipun akan telah tumbuh dewasa dari hari ke hari aku tetap menjadi anak kecilmu i love u ibu,0
aku jokowilagi,0
aku jenis yang easy to forgive hard to forget bukan berdendam tapi nak jadikan sebagai pengajaran dan pengalaman dalam hid,0
semoga aku dan kawan kawan yg lain diberi kesihatan yang cukup untuk menyiapkan homeworks bagai cuti sebulan,0
bagusss apalagi ditambah senyumnya cocok banget aku seneng liatnya,0
dimana warungnya say biar nanti aku temenin kmu jga warung biar kmu nggak kesepian,0
cinta yang kamu terima sebanding dengan cinta yang kamu berikan cintai lebih jika ingin dicintai lebih,0
22nya jodoh aku,0
kamu tahu alasan diantara kita tidak ada yang namanya pertemuan karena aku tidak mau diantara kita ada yang namanya perp,0
manusia paling handsome aku pernah jumpa,0
aku kreatif wkwkwkwwkwk mayan seimbang lah,0
jumpa dah handsome boy saya,0
aku sayang kamu kok,0
aduh neng cantik kamu bikin kentang aku aja nih bokep bukabukaan livebugil,0
kalo aku pilih garut,0
someone said to me jangan pernah menyalahkan orang lain atas bahagia yang pernah kamu dapat walau sekejap pikirka,0
baca ini jadi kembali menjejak bumi kembali sadar kalau kekuasaan allah lebih besar sekuat apapun kamu mengu,0
wah okok baru aku coba ini,0
jadii uang jdi aku kaya,0
doaku hari ini tuhan berikan aku rezeki yang baik agar aku selalu bisa berbagi kebaikan dan menjadi sebaik baik manusi,0
cantik nya kaya jisu unnie dong aku g,0
ada yang pake telegram add aku dong terus kita ngobrol gimana add aku ya 'iniadhistyzara' ok,0
kalikaa teens rika tau gk klo aku itu sayang bangeeettt sma kamuuu,0
walaupun harus mati aku tidak akan pernah memukul seorang wanita me,0
aku nak story sikit pasal seorang laki ni yg ikhlas sgt nk buat surprise dekat gf dia tapii hmm korang nak tahu kisa,0
aku tetap ada,0
kamu juga ya cantiik aku baru mau makan nih hehe,0
jangan menyerah masih ada pengampunan jilid 2 klo kamu ngampunin hutang pulsa temen temen,0
sampai mati aku takkan lupa seorang yg pnah mnjadi sahabat baik aku biar dia yg buang aku tapi ak x mmpu nak buang sbb b,0
yeaaa inilah kerja yg aku suka kerja berseni mcm baejat cakap tu mcm2 kerja boleh buat haahaaa taktau kenapa ak,0
wkwkwk waktu itu aku baperin tinggi badannya,0
bagiku hidup ini bukan tentang bagaimana aku harus menjadi orang baik tetapi lebih kepada bagaimana aku bisa bermanf,0
weyyy sorry weyyy serius doh aku lupa weyyy hahaha,0
jika kamu merasa masih susah dalam 4tahun terakhir ini itu bukan salah jokowi brrt kamu harus meningkatkan kualitas,0
aku selalu berusaha ngasih yang terbaik untuk kamu aku takut semua perhatian dan sayang aku gak pernah cukup untuk kam,0
lepas daripada episod ni aku terus melekat tengok cerita bahagia bukan bidaan pelakon semua padu weh gandingan nora dani,0
tuhan aku ingin kaya aamiin retweet atau bilang aamiin jika anda juga ingin kaya,0
hari ini aku akan membersihkan hatiku dari rasa khawatir yang membuatku menjauhi kebaikan dan menyukai prasangka buruk,0
hahahaha akuuka ipbb camera dia lawa amp kureng hang hsjsjs tpi android pun not bad tho sbb kalau ikut,0
cewe itu suka cowo yang perhatian apalagi bisa perhatian ke hal2 kecil ce maap ya lama dandannya co iya gapapa e,0
ezra lebih aktif lagi yuk aku kangen nih,0
hahahahahaumpah berdekah aku,0
bukan seringgit dua tu hahahahahahah weh hancurrr hati,0
apa yang kamu lakukan kalo lagi marah berdoa supaya tidak jadi marah,0
bosku yg sebelumnya jg asik bgt aku pak aku ijin pulang cpt ya mau nntn konser nct127 bos iya,0
dalam hidup berhenti mencari dia yang sempurna karena yang kamu butuh hanya dia yang mencintaimu apa adanya yang membu,0
bukan berarti aku nyesel jd islam loh ya malah bersyukur bgt,0
i'm so in love with you aku rin ayieee,0
angel aku ihhh hahahaha,0
aku rameeein nih,0
picnya amiiin goodluck anw,0
aku bersedia menghadapi segalanya mungkin juga apa yang akan berlaku atas kekhilafan diriku sendiri aku hanya man,0
okey aku maiii,0
aku juga sih tapi kdg aku aku tahan,0
jika kamu memang berharga di mata seseorang tak ada alasan baginya tuk mencari seorang yg lebih baik darimu,0
alhamdulillah dapat derma darah hahaha doktor tu tanya ada pening2 tak hmm aku ni dah taktau apa tu pening2 ka,0
mantab aku jadi penasaran pengen liat,0
dapet aku,0
aku tak tahu aku dah tak sembang aku sibuk shopping hahaha,0
mau diem tapi nggak bisa hihi mancing sih kamu,0
standard tandas fspu mmg mcmtu mmg akan tersalah sbb sign takda kena fikir banyak kali nak masuk hahaha,0
aku sukanya kamu,0
kenapa ga doyanini buat aku wkwkkwkw,0
sini aku ajarin apa yg aku ngerti ehehe,0
tadi malem berdoa pengen ngeliat bidadari ehh di fto ini aku bisa liat dikabulin ternyata,0
kamu kan jagonya ya manjain aku,0
hayuuk aku meloook,0
lihat kamu adem rasane wkwkwkwkwk,0
nasib baik kau tak de masa nak sembang lebih bang aku bizi ni xde masa nak sembang jugak,0
tak peduli seberapa keras kamu mencoba kamu tak akan pernah bisa menyangkal apa yang kamu rasa,0
sukahati aku la aku yg taknak ngaku bukan kau,0
hmm smlm aku buat cmtu alhamdulillah lega sikit harini bangun tido terus hilang maybe sbb haritu kan hg balik bawak beg berat,0
aku suka harry potter tapi aku lebih suka harry harry bersamamu recehkantwitter recehkantwiter,0
lelaki yang pernah memintaku menjadi kekasihnya kemudian memilih untuk berpisah besok akan menikah aku turut bahagia untuknya,0
hahahahah berdekah aku tengok parody ni sumpah kreatif dakdak ni munafik2,0
kamu baca aja disini ya 1 akun dari sekian ratus yang rep ada aku disitu banggain kamu,0
ternyata masih belum saatnya aku tatap tatapan sama wonwoo guys but im okay fokusku ke ic sama skripsi ',0
aku dilahirkan di bumi ni memang untuk jaga hati semua pihakampai hati aku barai pun tak ada orang kesah hmm,0
dan jadikanlah aku termasuk orang orang yang medapatkan surga yang penuh kenikmatan qs asyyu araa 85,0
selama ini yang msh jadi favorit msh laskar pelangi,0
kalau simpan duit asyik terguna jadi aku beli emas rm100 beli emas dpt sebesar duit seposen kalau asyik gadai,0
terima kasih ginting caramu bangkit dari kekalahan di final beregu dgn mengalahkan kento dan chen long hingga smp di sem,0
aku juga dong,0
crush kalau nak tegur ye tegur kalau suka cakap suka daripada kau dok tengok je story aku tak pernah missebb,0
ya ya ya dan aku tahu sekarang,0
itu aku jg mau,0
teruntuk kak rehan kamu yg sabar ya,0
aku legaaaaa hampir nggakbisa menikmati makan siang lho ini,0
semoga apa yang kamu berikan padaku saat ini bukanlah sandiwara belaka,0
t kasih semua kalau nak bantu aku kumpul duit lagi banyak korang beli lah ini klik sini untuk beli,0
kalau takut dilambung ombak jangan menonton ombak rindu hahaha,0
soal jodoh ni aku tenang je tapi aku harap bila jodoh aku sampai aku nak bahagia hidup sampai ke akhir hayat i want my,0
mau nya kamu itu sih hahaha,0
aku setia kok sama kakak,0
hahahahahahahaha aku pun ada sejarah dgn wani nasib ada kaklong idaaa hahahaha alaaa bodo laaaaaa,0
hahahahaha anggap jelah dia respect orang lain yang ade dlm kereta aku pun pernah gak tanya abil l,0
mamat ni cool cinta dlm hati dia tu seputih kain yg belom dicemari walaupun kena mcm tu dia still rasa yg awek dia,0
ga ada masalah kok yg masalah itu kalo kamu sama sekali nggak mau mulai eaaak akun motivasi,0
untuk merayakan kemenangan straykids hari ini aku up ff zona nyaman yang isinya day6 ft straykids pake nama lokal,0
aku cinta reveluv,0
setau aku di koriyah emg gitu hehe,0
gak apa apa deh aku gak punya pacar asal bisa diginiin terus,0
manusia bro ex aku banyak kali juga cakap camni 3 tahun je kekal dia tinggalkan aku amp now dah bahagia dah,0
tapi aku bersyukur sbb allah pinjamkan kau wlaupun kejap terima kasih sbb bahagiakan aku,0
orang lain kemain minat dia aku lek je orang amik gambar mcm tu dgn dia,0
